id,name,description,price,active,created,modified
1,Shirt Woman 1,Apple pie powder cupcake pastry biscuit. I love jelly sweet cotton candy brownie. Pudding gingerbread tootsie roll cake carrot cake pudding sugar plum chupa chups. Cake powder sweet caramels marshmallow icing marshmallow muffin. Danish jelly cotton candy cupcake biscuit gummies gummies. Sweet roll pastry oat cake jelly. Fruitcake sweet roll pudding croissant macaroon.,2039,1,now(),
2,Shirt Woman 2,Spicy jalapeno bacon ipsum dolor amet meatball chuck pastrami rump turducken pancetta. Chicken jerky spare ribs shank landjaeger. Bresaola beef andouille strip steak porchetta. Prosciutto beef capicola hamburger.,1305,1,now(),
3,Shirt Woman 3,Manx burmese donskoy tiger tom. Donskoy. Manx russian blue but persian leopard. American shorthair norwegian forest so balinese . Grimalkin abyssinian but ocelot so american shorthair and norwegian forest. Ocicat. ,2803,1,now(),
4,Shirt Woman 4,Macaroon brownie I love cake I love I love I love jelly beans. Dragée dessert cookie macaroon croissant tootsie roll bonbon. Chocolate liquorice lemon drops. Lemon drops gingerbread pie. Bonbon carrot cake tootsie roll halvah biscuit muffin chocolate cake apple pie. Chocolate bar croissant croissant sugar plum. Marshmallow tart icing chocolate cake cupcake ice cream I love sweet marzipan. Tiramisu bear claw candy. Wafer tart liquorice icing I love dragée lemon drops gingerbread. Macaroon cake muffin gummi bears caramels chupa chups macaroon muffin.,2083,1,now(),
5,Shirt Woman 5,"Pork strip steak picanha rump beef kevin corned beef frankfurter hamburger tongue flank ham hock sausage. Sausage short loin kevin kielbasa, short ribs ribeye filet mignon. Short loin frankfurter kevin, jowl pork belly alcatra jerky beef pork chop chicken ham beef ribs andouille sirloin. Biltong ball tip picanha short ribs drumstick boudin kielbasa pastrami rump strip steak cupim. Pork belly pastrami strip steak filet mignon sirloin, rump alcatra ribeye tail flank ball tip. Filet mignon doner pork belly pork chop short ribs, cupim venison tenderloin boudin kielbasa. Ribeye porchetta chicken tail turkey.",1746,1,now(),
6,Shirt Woman 6,"Ham hock ribeye pork hamburger tri-tip bresaola turkey pancetta shankle turducken jerky porchetta. Porchetta drumstick boudin, brisket swine bacon pork belly biltong short loin filet mignon venison pastrami kevin tail. Swine t-bone pastrami, drumstick salami ground round shank tongue strip steak short ribs venison ham hock. Alcatra ground round short loin tenderloin, andouille brisket burgdoggen picanha boudin prosciutto. Frankfurter chicken meatball biltong pancetta pork chop tri-tip ribeye ball tip corned beef leberkas jerky pork venison.",2166,1,now(),
7,Shirt Woman 7,"Malkin balinese tabby persian. Lion. Siberian cougar so savannah leopard or ocelot so bobcat,manx. Manx mouser or norwegian forest devonshire rex. Malkin ragdoll. Panther sphynx yet maine coon puma. Cornish rex. Birman. Tom tabby thai. Manx american bobtail. Donskoy cheetahfor savannah american bobtail and himalayan and lion jaguar. Puma ocicat ragdoll. Jaguardonskoy jaguar for singapura, kitty or kitty. Jaguar persian for singapura. Manx bobcat american shorthair. Bengal. Grimalkin burmese birman grimalkin ocicat scottish fold or devonshire rex. ",630,1,now(),
8,Shirt Woman 8,Chocolate cake danish I love tootsie roll pudding cookie liquorice marshmallow. Tiramisu powder dragée soufflé chocolate cake I love gummi bears marzipan. Cookie wafer sesame snaps. Sugar plum brownie jelly dessert liquorice sugar plum. Bonbon gummi bears danish cookie. Jelly jujubes danish gummies carrot cake. Gummies donut cheesecake I love lollipop croissant tiramisu I love pudding. Cookie tiramisu cotton candy I love carrot cake. Marzipan sesame snaps jelly beans muffin bear claw cookie soufflé I love. Biscuit tiramisu gingerbread cheesecake.,1858,1,now(),
9,Shirt Woman 9,"Porchetta pig frankfurter, chuck shoulder tongue cupim t-bone meatloaf sausage pork strip steak ground round short loin. T-bone ground round bacon ribeye filet mignon. Bresaola drumstick capicola meatball ribeye jowl beef beef ribs chicken ball tip hamburger spare ribs leberkas. Pork belly short ribs capicola burgdoggen short loin pork, kevin shoulder doner salami.",1232,1,now(),
10,Shirt Woman 10,"Jaguar lynx or havana brown devonshire rex, siberian. Panther norwegian forest, siberian and egyptian mau sphynx tiger. Singapura cheetah, manx lynx. Bengal siberian so manx. Ocelotocicat for tiger, abyssinian . Donskoy kitty and havana brown panther. Sphynx lynx scottish foldcheetah american shorthair yet puma for cornish rex. Lion norwegian forest for cougar. Bobcatjaguar kitten. Mouser american bobtail for tomcat abyssinian so thai persian yet cougar. Lynx. Devonshire rex maine coon. Thai havana brown, yet kitty lion havana brown american shorthair so norwegian forest. American bobtail donskoy and leopard and tabby tiger so lion. Tabby cougar. ",1138,1,now(),
11,Shirt Woman 11,Danish sweet roll pastry dessert I love. Chocolate cake I love icing tootsie roll sweet bonbon. I love tart tiramisu jujubes cupcake. Topping fruitcake jelly-o. Pudding caramels macaroon sugar plum sugar plum. I love jujubes donut.,908,1,now(),
12,Shirt Woman 12,"Tail cupim andouille landjaeger, tongue pancetta beef ribs burgdoggen ribeye capicola shoulder turkey filet mignon ham rump. Bresaola meatloaf swine turkey. Brisket shankle beef doner. Biltong corned beef turkey ground round turducken ham hock fatback beef ribs pastrami. Shankle strip steak pork chop andouille swine, cupim short ribs spare ribs ground round landjaeger sirloin pancetta tongue jowl.",1926,1,now(),
13,Shirt Woman 13,"Cornish rex norwegian forest bombay havana brown and manx. American shorthair kitten or donskoy tom, singapura munchkin. Kitten siberian for bengal scottish fold, balinese . Sphynx. Balinese american shorthair bengal. Munchkin siberian yet cougar maine coon. Malkin tom kitten. Birman. Russian blue donskoy tabby burmese for tom but ocelot. Kitten mouser yet pumapersian grimalkin. Lion malkin scottish fold malkin and munchkin. British shorthair egyptian mauso lynx or bengal maine coon. Birman tomcat yet himalayan. ",1136,1,now(),
14,Shirt Woman 14,Candy canes I love icing. Lollipop toffee tiramisu cheesecake danish. Sugar plum gingerbread lemon drops wafer I love. Topping cake sugar plum halvah croissant jelly cheesecake cotton candy. Cake wafer carrot cake. I love oat cake tiramisu lollipop. Tootsie roll gummies sugar plum powder pie apple pie I love chocolate chocolate bar. Jujubes I love tiramisu I love jelly beans sweet roll I love. Muffin cake I love oat cake sweet roll pastry cupcake marzipan. Caramels donut dessert jelly pudding toffee.,2158,1,now(),
15,Shirt Woman 15,"Drumstick biltong kevin porchetta, pancetta strip steak tenderloin pork ham hock sausage cupim flank alcatra. Venison tri-tip picanha leberkas corned beef beef. Sirloin short ribs pork chop swine brisket tail meatloaf kevin rump salami beef ribs shoulder pastrami jerky ground round. Drumstick sirloin t-bone ham hock spare ribs bacon. Shankle corned beef picanha pig.",2094,1,now(),
16,Medals 1,"Tom sphynx tomcat devonshire rex burmese so abyssinian so lion. Grimalkin mouser. Russian blue turkish angora for tomcat british shorthair. British shorthair balinese but grimalkin bombaybobcat or tom for sphynx. Leopard singapura but cougar manx but jaguar or donskoy norwegian forest. Bobcat jaguar so american bobtail, for siberian or thai and persian. Bengal. Tomcatbalinese . ",685,1,now(),
17,Medals 2,Liquorice biscuit I love chupa chups dragée I love biscuit muffin. I love cake cotton candy. Jelly soufflé sweet roll I love chocolate bar dragée. Apple pie jelly-o I love dragée bonbon lemon drops lemon drops. Chocolate tart candy canes sugar plum candy canes. Marzipan chocolate bar jelly beans candy. Cake tiramisu dessert biscuit tart biscuit jelly-o I love.,2769,1,now(),
18,Medals 3,"Shankle filet mignon strip steak doner ground round short ribs pork chop flank porchetta. Sirloin shankle burgdoggen salami, andouille chuck bresaola biltong turducken spare ribs sausage doner brisket pork belly fatback. Pig kielbasa prosciutto salami. Short ribs bresaola rump turducken picanha.",515,1,now(),
19,Medals 4,"American shorthair cougar tomcat tiger. Savannah. Ragdoll mouser, american bobtail and panther leopard. Manx lion or balinese , cornish rex kitty. Munchkin norwegian forest russian bluesingapura, yet tomcat. Maine coon ragdoll, so puma cornish rex yet british shorthair but tom but cornish rex. Abyssinian lion tom. Munchkin ragdoll, puma egyptian mau maine coon siberian. Manx devonshire rex malkin. Bombay himalayan. Mouser leopard. Cornish rex bombay but lionfor scottish fold sphynx. Tomcat maine coon and cornish rex tiger or singapura norwegian forestleopard. ",2827,1,now(),
20,Longsleeve Shirt 1,I love cake wafer tart. Cheesecake cookie icing jelly-o tiramisu pudding. I love ice cream I love sweet pudding. Cake croissant gingerbread chupa chups cake. I love chocolate bar jujubes wafer soufflé lollipop sweet tart I love. Candy jelly caramels candy canes carrot cake I love cupcake halvah tootsie roll. Apple pie lollipop apple pie. Cake gummies pudding sweet roll oat cake I love.,1440,1,now(),
21,Longsleeve Shirt 2,"Kielbasa chicken cupim porchetta shank. Kielbasa burgdoggen fatback short ribs frankfurter t-bone andouille strip steak drumstick landjaeger rump ball tip beef alcatra. Sausage swine cow, porchetta prosciutto bresaola tail ham short loin corned beef leberkas kielbasa pancetta filet mignon beef ribs. Beef jerky kevin porchetta drumstick, ball tip tri-tip pork chop pork loin fatback beef ribs andouille shankle. Kevin tenderloin ham hock tongue meatloaf pastrami. Biltong rump short loin tail corned beef. Turducken fatback jerky, short ribs kielbasa biltong pastrami bacon pork loin pancetta shoulder strip steak ground round.",1787,1,now(),
22,Longsleeve Shirt 3,"Meatloaf tongue shankle tail venison. Beef ham hock shoulder, bacon shank sirloin hamburger picanha kielbasa tri-tip ball tip chuck biltong corned beef. Picanha kevin short ribs pork. Hamburger short loin ball tip meatball swine bacon flank tenderloin.",1577,1,now(),
23,Longsleeve Shirt 4,Lollipop bonbon gingerbread caramels tootsie roll marshmallow gingerbread. Carrot cake cotton candy gingerbread bonbon. Dragée topping bonbon soufflé marshmallow I love wafer topping. Chocolate apple pie wafer croissant tart. Toffee sesame snaps dessert macaroon marshmallow. Bonbon toffee soufflé I love jujubes cookie soufflé sesame snaps. Fruitcake brownie ice cream I love lollipop chupa chups. Ice cream candy canes tart carrot cake carrot cake. Dragée candy canes danish. Dessert cookie I love cupcake.,1970,1,now(),
24,Longsleeve Shirt 5,Sesame snaps chocolate tiramisu I love dessert. Wafer donut candy dragée cake croissant topping donut. Lollipop I love croissant lemon drops. Cheesecake fruitcake gummi bears. Sweet pastry gummies apple pie dragée cupcake chupa chups gummies. Topping croissant bear claw croissant.,2395,1,now(),
25,Longsleeve Shirt 6,"Ribeye pork belly prosciutto cupim, rump frankfurter leberkas landjaeger bacon ham hock corned beef. Picanha bacon frankfurter cupim turducken pork loin, beef ribs porchetta turkey. Picanha tri-tip leberkas, boudin shoulder swine pancetta kielbasa sirloin short loin pork loin rump filet mignon corned beef. Pancetta spare ribs meatloaf jowl alcatra frankfurter. Beef ribs corned beef shank filet mignon frankfurter, ground round short loin ham hock prosciutto short ribs chuck tenderloin tongue leberkas pork loin.",2391,1,now(),
26,Longsleeve Shirt 7,"Swine bacon sirloin shoulder. Corned beef pig meatloaf bresaola. Burgdoggen short loin corned beef frankfurter, ham doner ball tip pork loin hamburger cow biltong. Capicola jerky alcatra andouille pork chop cupim sirloin meatloaf shankle pig shank. Swine picanha cupim rump, biltong spare ribs beef burgdoggen meatball ribeye frankfurter shank.",2326,1,now(),
27,Shirt Kids 1,Cake tart chupa chups toffee. Apple pie dessert marshmallow halvah pastry. Chupa chups oat cake bonbon jelly beans chupa chups. Sugar plum wafer ice cream pie croissant. Jelly cake cake bonbon carrot cake macaroon brownie jelly oat cake. Apple pie cake lemon drops ice cream dragée soufflé jelly-o topping fruitcake. Tart cake caramels gummi bears cake gummies.,997,1,now(),
28,Shirt Kids 2,Candy chocolate bar donut lollipop jelly-o brownie sweet roll cupcake. Powder bonbon I love candy tiramisu danish candy canes jelly-o jelly-o. Donut pudding marzipan marzipan chupa chups chocolate cake. Oat cake cookie icing halvah lemon drops gummies tootsie roll brownie cake. Dragée marshmallow lollipop toffee biscuit wafer cheesecake. Chocolate bar danish candy sugar plum.,652,1,now(),
29,Shirt Kids 3,Marshmallow croissant bear claw gummies halvah icing. I love I love jelly-o apple pie. Dessert macaroon I love wafer halvah liquorice wafer tiramisu pie. I love I love soufflé pie. Topping jujubes cake. I love cookie halvah jujubes I love sweet jelly cookie. Soufflé sugar plum I love. Lollipop cupcake I love cotton candy dragée gummi bears liquorice cotton candy sesame snaps. Wafer I love danish dragée cookie caramels I love I love marshmallow. Lollipop I love chocolate cake candy canes topping.,1380,1,now(),
30,Shirt Kids 4,"Tail salami corned beef boudin. Ham picanha turducken, bacon fatback spare ribs turkey pastrami shank filet mignon pork belly pancetta hamburger. Landjaeger beef ribs pancetta salami venison andouille pig. Frankfurter ribeye meatloaf, cupim shank chicken pancetta leberkas pastrami sausage tri-tip drumstick picanha t-bone ham. Prosciutto shoulder tri-tip shankle, ball tip spare ribs ham drumstick doner tenderloin ham hock hamburger biltong.",1384,1,now(),
31,Shirt Kids 5,Carrot cake chocolate bar sugar plum gingerbread macaroon. Cake pudding jelly beans halvah danish powder brownie. Sweet caramels candy canes toffee lollipop cake. Pastry topping marshmallow tart cookie powder sugar plum caramels pudding. Chocolate sugar plum candy ice cream. Lollipop tart biscuit sweet. Cheesecake pudding candy sugar plum icing tootsie roll caramels marshmallow.,2730,1,now(),
32,Shirt Man 1,Muffin I love sweet roll jelly beans pastry I love apple pie chupa chups dessert. Ice cream chocolate I love jelly beans. Gingerbread sweet dessert. Cake icing ice cream apple pie macaroon. Wafer candy jelly-o cheesecake sesame snaps. Cake tart I love caramels cookie jujubes I love halvah.,1610,1,now(),
33,Shirt Man 2,"Ham boudin picanha, filet mignon bacon brisket tongue sausage. Picanha ham hock venison ball tip filet mignon alcatra. Chicken hamburger pig corned beef meatball sausage biltong leberkas chuck, frankfurter drumstick ham. Swine tenderloin shoulder ham pork chop strip steak shank boudin pork pork belly pig bresaola bacon. Bresaola pork loin capicola spare ribs short loin hamburger frankfurter tenderloin turducken burgdoggen.",1469,1,now(),
34,Shirt Man 3,Carrot cake cake powder jelly powder. Macaroon topping halvah gingerbread tiramisu ice cream toffee gummi bears cake. Icing bonbon marshmallow sugar plum cotton candy donut. Wafer danish oat cake. Apple pie cake marzipan marshmallow topping tiramisu pudding jelly-o sugar plum. Jelly ice cream apple pie toffee pie oat cake apple pie donut candy canes. Donut danish bear claw cake cookie cookie. Bear claw cake muffin jujubes chupa chups.,1888,1,now(),
35,Shirt Man 4,Brownie jelly beans sugar plum macaroon. I love I love chupa chups. Caramels powder I love. Chupa chups soufflé I love croissant. Pastry toffee I love chocolate bar gummies. Chocolate bar jelly liquorice chocolate jelly beans. I love bear claw jujubes candy canes. Icing cookie icing dragée cake. Cake oat cake tiramisu cookie candy canes toffee soufflé cake. Tart I love lollipop chocolate bar marzipan I love.,2872,1,now(),
